Speaker,Age,Gender,Adjective,Gender.N1,Gender.N2,Case.Prep,Position,Agreement,Agreement2,AgreementComb
4,18,female,krank,masc,fem,GEN,non-initial,D,e,N1masc-N2fem
4,18,female,gesund,fem,neut,GEN,initial,O,Ø,N1fem-N2neut
4,18,female,traurig,neut,fem,DAT,non-initial,O,Ø,N1neut-N2fem
4,18,female,voll,fem,masc,DAT,initial,O,Ø,N1fem-N2masc
4,18,female,koestlich,masc,fem,DAT,initial,O,Ø,N1masc-N2fem
4,18,female,verletzt,neut,masc,GEN,initial,O,Ø,N1neut-N2masc
4,18,female,straff,fem,neut,DAT,non-initial,N1,N1,N1fem-N2neut
4,18,female,steinig,masc,neut,GEN,initial,O,Ø,N1masc-N2neut
4,18,female,blond,fem,masc,GEN,non-initial,O,Ø,N1fem-N2masc
4,18,female,fleissig,masc,neut,DAT,non-initial,O,Ø,N1masc-N2neut
4,18,female,verstopft,neut,masc,DAT,non-initial,N2,N2,N1neut-N2masc
4,18,female,verschlafen,neut,fem,GEN,initial,N1,N1,N1neut-N2fem
5,17,male,krank,masc,fem,GEN,non-initial,O,Ø,N1masc-N2fem
5,17,male,gesund,fem,neut,GEN,initial,O,Ø,N1fem-N2neut
5,17,male,traurig,neut,fem,DAT,non-initial,N1,N1,N1neut-N2fem
5,17,male,voll,fem,masc,DAT,initial,O,Ø,N1fem-N2masc
5,17,male,koestlich,masc,fem,DAT,initial,O,Ø,N1masc-N2fem
5,17,male,verletzt,neut,masc,GEN,initial,N2,N2,N1neut-N2masc
5,17,male,straff,fem,neut,DAT,non-initial,O,Ø,N1fem-N2neut
5,17,male,steinig,masc,neut,GEN,initial,N1,N1,N1masc-N2neut
5,17,male,blond,fem,masc,GEN,non-initial,N1,N1,N1fem-N2masc
5,17,male,fleissig,masc,neut,DAT,non-initial,N1,N1,N1masc-N2neut
5,17,male,verstopft,neut,masc,DAT,non-initial,N2,N2,N1neut-N2masc
5,17,male,verschlafen,neut,fem,GEN,initial,N2,N2,N1neut-N2fem
8,18,female,krank,masc,fem,GEN,non-initial,O,Ø,N1masc-N2fem
8,18,female,gesund,fem,neut,GEN,initial,O,Ø,N1fem-N2neut
8,18,female,traurig,neut,fem,DAT,non-initial,O,Ø,N1neut-N2fem
8,18,female,voll,fem,masc,DAT,initial,O,Ø,N1fem-N2masc
8,18,female,koestlich,masc,fem,DAT,initial,O,Ø,N1masc-N2fem
8,18,female,verletzt,neut,masc,GEN,initial,O,Ø,N1neut-N2masc
8,18,female,straff,fem,neut,DAT,non-initial,O,Ø,N1fem-N2neut
8,18,female,steinig,masc,neut,GEN,initial,O,Ø,N1masc-N2neut
8,18,female,blond,fem,masc,GEN,non-initial,O,Ø,N1fem-N2masc
8,18,female,fleissig,masc,neut,DAT,non-initial,O,Ø,N1masc-N2neut
8,18,female,verstopft,neut,masc,DAT,non-initial,O,Ø,N1neut-N2masc
8,18,female,verschlafen,neut,fem,GEN,initial,O,Ø,N1neut-N2fem
9,17,female,krank,masc,fem,GEN,non-initial,N1,N1,N1masc-N2fem
9,17,female,gesund,fem,neut,GEN,initial,N1,N1,N1fem-N2neut
9,17,female,traurig,neut,fem,DAT,non-initial,N1,N1,N1neut-N2fem
9,17,female,voll,fem,masc,DAT,initial,N1,N1,N1fem-N2masc
9,17,female,koestlich,masc,fem,DAT,initial,D,e,N1masc-N2fem
9,17,female,verletzt,neut,masc,GEN,initial,N1,N1,N1neut-N2masc
9,17,female,straff,fem,neut,DAT,non-initial,N1,N1,N1fem-N2neut
9,17,female,steinig,masc,neut,GEN,initial,N1,N1,N1masc-N2neut
9,17,female,blond,fem,masc,GEN,non-initial,N1,N1,N1fem-N2masc
9,17,female,fleissig,masc,neut,DAT,non-initial,N1,N1,N1masc-N2neut
9,17,female,verstopft,neut,masc,DAT,non-initial,N1,N1,N1neut-N2masc
9,17,female,verschlafen,neut,fem,GEN,initial,N1,N1,N1neut-N2fem
11,16,female,krank,masc,fem,GEN,non-initial,N1,N1,N1masc-N2fem
11,16,female,gesund,fem,neut,GEN,initial,N1,N1,N1fem-N2neut
11,16,female,traurig,neut,fem,DAT,non-initial,N1,N1,N1neut-N2fem
11,16,female,koestlich,masc,fem,DAT,initial,N1,N1,N1masc-N2fem
11,16,female,verletzt,neut,masc,GEN,initial,N1,N1,N1neut-N2masc
11,16,female,straff,fem,neut,DAT,non-initial,N1,N1,N1fem-N2neut
11,16,female,steinig,masc,neut,GEN,initial,N1,N1,N1masc-N2neut
11,16,female,blond,fem,masc,GEN,non-initial,N1,N1,N1fem-N2masc
11,16,female,fleissig,masc,neut,DAT,non-initial,N1,N1,N1masc-N2neut
11,16,female,verstopft,neut,masc,DAT,non-initial,N1,N1,N1neut-N2masc
11,16,female,verschlafen,neut,fem,GEN,initial,N1,N1,N1neut-N2fem
12,18,male,krank,masc,fem,GEN,non-initial,O,Ø,N1masc-N2fem
12,18,male,gesund,fem,neut,GEN,initial,O,Ø,N1fem-N2neut
12,18,male,traurig,neut,fem,DAT,non-initial,O,Ø,N1neut-N2fem
12,18,male,voll,fem,masc,DAT,initial,O,Ø,N1fem-N2masc
12,18,male,koestlich,masc,fem,DAT,initial,O,Ø,N1masc-N2fem
12,18,male,verletzt,neut,masc,GEN,initial,O,Ø,N1neut-N2masc
12,18,male,straff,fem,neut,DAT,non-initial,O,Ø,N1fem-N2neut
12,18,male,steinig,masc,neut,GEN,initial,O,Ø,N1masc-N2neut
12,18,male,blond,fem,masc,GEN,non-initial,O,Ø,N1fem-N2masc
12,18,male,fleissig,masc,neut,DAT,non-initial,O,Ø,N1masc-N2neut
12,18,male,verstopft,neut,masc,DAT,non-initial,O,Ø,N1neut-N2masc
12,18,male,verschlafen,neut,fem,GEN,initial,O,Ø,N1neut-N2fem
14,16,female,krank,masc,fem,GEN,non-initial,N1,N1,N1masc-N2fem
14,16,female,gesund,fem,neut,GEN,initial,N1,N1,N1fem-N2neut
14,16,female,traurig,neut,fem,DAT,non-initial,N1,N1,N1neut-N2fem
14,16,female,voll,fem,masc,DAT,initial,N1,N1,N1fem-N2masc
14,16,female,koestlich,masc,fem,DAT,initial,N1,N1,N1masc-N2fem
14,16,female,verletzt,neut,masc,GEN,initial,N1,N1,N1neut-N2masc
14,16,female,straff,fem,neut,DAT,non-initial,N1,N1,N1fem-N2neut
14,16,female,steinig,masc,neut,GEN,initial,N1,N1,N1masc-N2neut
14,16,female,blond,fem,masc,GEN,non-initial,N1,N1,N1fem-N2masc
14,16,female,fleissig,masc,neut,DAT,non-initial,N1,N1,N1masc-N2neut
14,16,female,verstopft,neut,masc,DAT,non-initial,N1,N1,N1neut-N2masc
14,16,female,verschlafen,neut,fem,GEN,initial,N1,N1,N1neut-N2fem
15,16,female,krank,masc,fem,GEN,non-initial,N1,N1,N1masc-N2fem
15,16,female,gesund,fem,neut,GEN,initial,N1,N1,N1fem-N2neut
15,16,female,traurig,neut,fem,DAT,non-initial,O,Ø,N1neut-N2fem
15,16,female,voll,fem,masc,DAT,initial,N1,N1,N1fem-N2masc
15,16,female,koestlich,masc,fem,DAT,initial,N1,N1,N1masc-N2fem
15,16,female,verletzt,neut,masc,GEN,initial,N1,N1,N1neut-N2masc
15,16,female,straff,fem,neut,DAT,non-initial,N1,N1,N1fem-N2neut
15,16,female,steinig,masc,neut,GEN,initial,O,Ø,N1masc-N2neut
15,16,female,blond,fem,masc,GEN,non-initial,N1,N1,N1fem-N2masc
15,16,female,fleissig,masc,neut,DAT,non-initial,N1,N1,N1masc-N2neut
15,16,female,verstopft,neut,masc,DAT,non-initial,N1,N1,N1neut-N2masc
15,16,female,verschlafen,neut,fem,GEN,initial,N1,N1,N1neut-N2fem
16,17,female,krank,masc,fem,GEN,non-initial,O,Ø,N1masc-N2fem
16,17,female,gesund,fem,neut,GEN,initial,O,Ø,N1fem-N2neut
16,17,female,traurig,neut,fem,DAT,non-initial,O,Ø,N1neut-N2fem
16,17,female,voll,fem,masc,DAT,initial,O,Ø,N1fem-N2masc
16,17,female,koestlich,masc,fem,DAT,initial,O,Ø,N1masc-N2fem
16,17,female,verletzt,neut,masc,GEN,initial,O,Ø,N1neut-N2masc
16,17,female,straff,fem,neut,DAT,non-initial,O,Ø,N1fem-N2neut
16,17,female,steinig,masc,neut,GEN,initial,O,Ø,N1masc-N2neut
16,17,female,blond,fem,masc,GEN,non-initial,O,Ø,N1fem-N2masc
16,17,female,fleissig,masc,neut,DAT,non-initial,O,Ø,N1masc-N2neut
16,17,female,verstopft,neut,masc,DAT,non-initial,O,Ø,N1neut-N2masc
16,17,female,verschlafen,neut,fem,GEN,initial,O,Ø,N1neut-N2fem
17,17,female,krank,masc,fem,GEN,non-initial,N2,N2,N1masc-N2fem
17,17,female,gesund,fem,neut,GEN,initial,N2,N2,N1fem-N2neut
17,17,female,traurig,neut,fem,DAT,non-initial,N2,N2,N1neut-N2fem
17,17,female,voll,fem,masc,DAT,initial,N2,N2,N1fem-N2masc
17,17,female,koestlich,masc,fem,DAT,initial,N2,N2,N1masc-N2fem
17,17,female,verletzt,neut,masc,GEN,initial,N2,N2,N1neut-N2masc
17,17,female,straff,fem,neut,DAT,non-initial,N2,N2,N1fem-N2neut
17,17,female,steinig,masc,neut,GEN,initial,N2,N2,N1masc-N2neut
17,17,female,blond,fem,masc,GEN,non-initial,N2,N2,N1fem-N2masc
17,17,female,fleissig,masc,neut,DAT,non-initial,N2,N2,N1masc-N2neut
17,17,female,verstopft,neut,masc,DAT,non-initial,N2,N2,N1neut-N2masc
17,17,female,verschlafen,neut,fem,GEN,initial,N2,N2,N1neut-N2fem
18,16,male,krank,masc,fem,GEN,non-initial,O,Ø,N1masc-N2fem
18,16,male,gesund,fem,neut,GEN,initial,O,Ø,N1fem-N2neut
18,16,male,traurig,neut,fem,DAT,non-initial,O,Ø,N1neut-N2fem
18,16,male,voll,fem,masc,DAT,initial,O,Ø,N1fem-N2masc
18,16,male,koestlich,masc,fem,DAT,initial,O,Ø,N1masc-N2fem
18,16,male,verletzt,neut,masc,GEN,initial,O,Ø,N1neut-N2masc
18,16,male,straff,fem,neut,DAT,non-initial,O,Ø,N1fem-N2neut
18,16,male,steinig,masc,neut,GEN,initial,O,Ø,N1masc-N2neut
18,16,male,blond,fem,masc,GEN,non-initial,O,Ø,N1fem-N2masc
18,16,male,fleissig,masc,neut,DAT,non-initial,O,Ø,N1masc-N2neut
18,16,male,verstopft,neut,masc,DAT,non-initial,O,Ø,N1neut-N2masc
18,16,male,verschlafen,neut,fem,GEN,initial,O,Ø,N1neut-N2fem
19,17,male,krank,masc,fem,GEN,non-initial,N2,N2,N1masc-N2fem
19,17,male,gesund,fem,neut,GEN,initial,N2,N2,N1fem-N2neut
19,17,male,traurig,neut,fem,DAT,non-initial,O,Ø,N1neut-N2fem
19,17,male,voll,fem,masc,DAT,initial,O,Ø,N1fem-N2masc
19,17,male,koestlich,masc,fem,DAT,initial,N2,N2,N1masc-N2fem
19,17,male,verletzt,neut,masc,GEN,initial,N2,N2,N1neut-N2masc
19,17,male,straff,fem,neut,DAT,non-initial,N1,N1,N1fem-N2neut
19,17,male,steinig,masc,neut,GEN,initial,O,Ø,N1masc-N2neut
19,17,male,blond,fem,masc,GEN,non-initial,N2,N2,N1fem-N2masc
19,17,male,fleissig,masc,neut,DAT,non-initial,D,e,N1masc-N2neut
19,17,male,verstopft,neut,masc,DAT,non-initial,N2,N2,N1neut-N2masc
19,17,male,verschlafen,neut,fem,GEN,initial,D,e,N1neut-N2fem
20,17,female,krank,masc,fem,GEN,non-initial,N1,N1,N1masc-N2fem
20,17,female,gesund,fem,neut,GEN,initial,N1,N1,N1fem-N2neut
20,17,female,traurig,neut,fem,DAT,non-initial,N1,N1,N1neut-N2fem
20,17,female,voll,fem,masc,DAT,initial,N1,N1,N1fem-N2masc
20,17,female,koestlich,masc,fem,DAT,initial,N1,N1,N1masc-N2fem
20,17,female,verletzt,neut,masc,GEN,initial,N1,N1,N1neut-N2masc
20,17,female,straff,fem,neut,DAT,non-initial,N1,N1,N1fem-N2neut
20,17,female,steinig,masc,neut,GEN,initial,N1,N1,N1masc-N2neut
20,17,female,blond,fem,masc,GEN,non-initial,N1,N1,N1fem-N2masc
20,17,female,fleissig,masc,neut,DAT,non-initial,N1,N1,N1masc-N2neut
20,17,female,verstopft,neut,masc,DAT,non-initial,N1,N1,N1neut-N2masc
20,17,female,verschlafen,neut,fem,GEN,initial,N1,N1,N1neut-N2fem
21,17,female,krank,masc,fem,GEN,non-initial,N1,N1,N1masc-N2fem
21,17,female,gesund,fem,neut,GEN,initial,N1,N1,N1fem-N2neut
21,17,female,traurig,neut,fem,DAT,non-initial,N1,N1,N1neut-N2fem
21,17,female,voll,fem,masc,DAT,initial,N1,N1,N1fem-N2masc
21,17,female,koestlich,masc,fem,DAT,initial,N2,N2,N1masc-N2fem
21,17,female,verletzt,neut,masc,GEN,initial,N1,N1,N1neut-N2masc
21,17,female,straff,fem,neut,DAT,non-initial,N1,N1,N1fem-N2neut
21,17,female,steinig,masc,neut,GEN,initial,N2,N2,N1masc-N2neut
21,17,female,fleissig,masc,neut,DAT,non-initial,N1,N1,N1masc-N2neut
21,17,female,verstopft,neut,masc,DAT,non-initial,N2,N2,N1neut-N2masc
21,17,female,verschlafen,neut,fem,GEN,initial,N1,N1,N1neut-N2fem
22,17,female,krank,masc,fem,GEN,non-initial,N1,N1,N1masc-N2fem
22,17,female,gesund,fem,neut,GEN,initial,N1,N1,N1fem-N2neut
22,17,female,traurig,neut,fem,DAT,non-initial,N1,N1,N1neut-N2fem
22,17,female,koestlich,masc,fem,DAT,initial,N2,N2,N1masc-N2fem
22,17,female,verletzt,neut,masc,GEN,initial,N1,N1,N1neut-N2masc
22,17,female,straff,fem,neut,DAT,non-initial,N1,N1,N1fem-N2neut
22,17,female,steinig,masc,neut,GEN,initial,N1,N1,N1masc-N2neut
22,17,female,blond,fem,masc,GEN,non-initial,N1,N1,N1fem-N2masc
22,17,female,fleissig,masc,neut,DAT,non-initial,N1,N1,N1masc-N2neut
22,17,female,verstopft,neut,masc,DAT,non-initial,N1,N1,N1neut-N2masc
22,17,female,verschlafen,neut,fem,GEN,initial,N1,N1,N1neut-N2fem
27,18,male,traurig,neut,fem,DAT,non-initial,N2,N2,N1neut-N2fem
27,18,male,koestlich,masc,fem,DAT,initial,N2,N2,N1masc-N2fem
27,18,male,straff,fem,neut,DAT,non-initial,O,Ø,N1fem-N2neut
27,18,male,steinig,masc,neut,GEN,initial,O,Ø,N1masc-N2neut
27,18,male,blond,fem,masc,GEN,non-initial,O,Ø,N1fem-N2masc
27,18,male,verstopft,neut,masc,DAT,non-initial,O,Ø,N1neut-N2masc
27,18,male,verschlafen,neut,fem,GEN,initial,N2,N2,N1neut-N2fem
28,18,male,krank,masc,fem,GEN,non-initial,O,Ø,N1masc-N2fem
28,18,male,gesund,fem,neut,GEN,initial,O,Ø,N1fem-N2neut
28,18,male,traurig,neut,fem,DAT,non-initial,O,Ø,N1neut-N2fem
28,18,male,voll,fem,masc,DAT,initial,O,Ø,N1fem-N2masc
28,18,male,koestlich,masc,fem,DAT,initial,O,Ø,N1masc-N2fem
28,18,male,verletzt,neut,masc,GEN,initial,O,Ø,N1neut-N2masc
28,18,male,straff,fem,neut,DAT,non-initial,O,Ø,N1fem-N2neut
28,18,male,steinig,masc,neut,GEN,initial,O,Ø,N1masc-N2neut
28,18,male,blond,fem,masc,GEN,non-initial,O,Ø,N1fem-N2masc
28,18,male,fleissig,masc,neut,DAT,non-initial,O,Ø,N1masc-N2neut
28,18,male,verstopft,neut,masc,DAT,non-initial,O,Ø,N1neut-N2masc
28,18,male,verschlafen,neut,fem,GEN,initial,N2,N2,N1neut-N2fem
29,27,female,krank,masc,fem,GEN,non-initial,N1,N1,N1masc-N2fem
29,27,female,gesund,fem,neut,GEN,initial,N1,N1,N1fem-N2neut
29,27,female,traurig,neut,fem,DAT,non-initial,D,e,N1neut-N2fem
29,27,female,voll,fem,masc,DAT,initial,O,Ø,N1fem-N2masc
29,27,female,koestlich,masc,fem,DAT,initial,N2,N2,N1masc-N2fem
29,27,female,verletzt,neut,masc,GEN,initial,N2,N2,N1neut-N2masc
29,27,female,straff,fem,neut,DAT,non-initial,N1,N1,N1fem-N2neut
29,27,female,steinig,masc,neut,GEN,initial,N2,N2,N1masc-N2neut
29,27,female,blond,fem,masc,GEN,non-initial,N1,N1,N1fem-N2masc
29,27,female,fleissig,masc,neut,DAT,non-initial,N2,N2,N1masc-N2neut
29,27,female,verstopft,neut,masc,DAT,non-initial,N2,N2,N1neut-N2masc
29,27,female,verschlafen,neut,fem,GEN,initial,N2,N2,N1neut-N2fem
30,58,female,krank,masc,fem,GEN,non-initial,O,Ø,N1masc-N2fem
30,58,female,gesund,fem,neut,GEN,initial,N1,N1,N1fem-N2neut
30,58,female,traurig,neut,fem,DAT,non-initial,O,Ø,N1neut-N2fem
30,58,female,voll,fem,masc,DAT,initial,O,Ø,N1fem-N2masc
30,58,female,koestlich,masc,fem,DAT,initial,N1,N1,N1masc-N2fem
30,58,female,verletzt,neut,masc,GEN,initial,N1,N1,N1neut-N2masc
30,58,female,straff,fem,neut,DAT,non-initial,N1,N1,N1fem-N2neut
30,58,female,steinig,masc,neut,GEN,initial,N2,N2,N1masc-N2neut
30,58,female,blond,fem,masc,GEN,non-initial,N1,N1,N1fem-N2masc
30,58,female,fleissig,masc,neut,DAT,non-initial,N1,N1,N1masc-N2neut
30,58,female,verstopft,neut,masc,DAT,non-initial,N1,N1,N1neut-N2masc
30,58,female,verschlafen,neut,fem,GEN,initial,N1,N1,N1neut-N2fem
31,26,female,krank,masc,fem,GEN,non-initial,N1,N1,N1masc-N2fem
31,26,female,gesund,fem,neut,GEN,initial,N1,N1,N1fem-N2neut
31,26,female,traurig,neut,fem,DAT,non-initial,N1,N1,N1neut-N2fem
31,26,female,voll,fem,masc,DAT,initial,N1,N1,N1fem-N2masc
31,26,female,koestlich,masc,fem,DAT,initial,N1,N1,N1masc-N2fem
31,26,female,verletzt,neut,masc,GEN,initial,N1,N1,N1neut-N2masc
31,26,female,straff,fem,neut,DAT,non-initial,N1,N1,N1fem-N2neut
31,26,female,steinig,masc,neut,GEN,initial,N1,N1,N1masc-N2neut
31,26,female,blond,fem,masc,GEN,non-initial,N1,N1,N1fem-N2masc
31,26,female,fleissig,masc,neut,DAT,non-initial,N1,N1,N1masc-N2neut
31,26,female,verstopft,neut,masc,DAT,non-initial,N1,N1,N1neut-N2masc
31,26,female,verschlafen,neut,fem,GEN,initial,N1,N1,N1neut-N2fem
32,55,male,krank,masc,fem,GEN,non-initial,N1,N1,N1masc-N2fem
32,55,male,gesund,fem,neut,GEN,initial,N1,N1,N1fem-N2neut
32,55,male,traurig,neut,fem,DAT,non-initial,O,Ø,N1neut-N2fem
32,55,male,voll,fem,masc,DAT,initial,O,Ø,N1fem-N2masc
32,55,male,koestlich,masc,fem,DAT,initial,O,Ø,N1masc-N2fem
32,55,male,straff,fem,neut,DAT,non-initial,N1,N1,N1fem-N2neut
32,55,male,steinig,masc,neut,GEN,initial,N2,N2,N1masc-N2neut
32,55,male,blond,fem,masc,GEN,non-initial,N1,N1,N1fem-N2masc
32,55,male,fleissig,masc,neut,DAT,non-initial,N1,N1,N1masc-N2neut
32,55,male,verstopft,neut,masc,DAT,non-initial,N1,N1,N1neut-N2masc
32,55,male,verschlafen,neut,fem,GEN,initial,N1,N1,N1neut-N2fem
33,61,female,krank,masc,fem,GEN,non-initial,N2,N2,N1masc-N2fem
33,61,female,gesund,fem,neut,GEN,initial,O,Ø,N1fem-N2neut
33,61,female,traurig,neut,fem,DAT,non-initial,N2,N2,N1neut-N2fem
33,61,female,voll,fem,masc,DAT,initial,N2,N2,N1fem-N2masc
33,61,female,koestlich,masc,fem,DAT,initial,N2,N2,N1masc-N2fem
33,61,female,verletzt,neut,masc,GEN,initial,N2,N2,N1neut-N2masc
33,61,female,straff,fem,neut,DAT,non-initial,N1,N1,N1fem-N2neut
33,61,female,steinig,masc,neut,GEN,initial,N2,N2,N1masc-N2neut
33,61,female,blond,fem,masc,GEN,non-initial,N1,N1,N1fem-N2masc
33,61,female,fleissig,masc,neut,DAT,non-initial,O,Ø,N1masc-N2neut
33,61,female,verstopft,neut,masc,DAT,non-initial,N2,N2,N1neut-N2masc
33,61,female,verschlafen,neut,fem,GEN,initial,N2,N2,N1neut-N2fem
34,58,female,krank,masc,fem,GEN,non-initial,D,e,N1masc-N2fem
34,58,female,gesund,fem,neut,GEN,initial,O,Ø,N1fem-N2neut
34,58,female,traurig,neut,fem,DAT,non-initial,O,Ø,N1neut-N2fem
34,58,female,voll,fem,masc,DAT,initial,O,Ø,N1fem-N2masc
34,58,female,straff,fem,neut,DAT,non-initial,N1,N1,N1fem-N2neut
34,58,female,steinig,masc,neut,GEN,initial,N1,N1,N1masc-N2neut
34,58,female,blond,fem,masc,GEN,non-initial,N1,N1,N1fem-N2masc
34,58,female,fleissig,masc,neut,DAT,non-initial,O,Ø,N1masc-N2neut
34,58,female,verstopft,neut,masc,DAT,non-initial,N2,N2,N1neut-N2masc
35,39,female,krank,masc,fem,GEN,non-initial,O,Ø,N1masc-N2fem
35,39,female,gesund,fem,neut,GEN,initial,O,Ø,N1fem-N2neut
35,39,female,traurig,neut,fem,DAT,non-initial,O,Ø,N1neut-N2fem
35,39,female,voll,fem,masc,DAT,initial,O,Ø,N1fem-N2masc
35,39,female,koestlich,masc,fem,DAT,initial,O,Ø,N1masc-N2fem
35,39,female,verletzt,neut,masc,GEN,initial,O,Ø,N1neut-N2masc
35,39,female,straff,fem,neut,DAT,non-initial,O,Ø,N1fem-N2neut
35,39,female,steinig,masc,neut,GEN,initial,O,Ø,N1masc-N2neut
35,39,female,blond,fem,masc,GEN,non-initial,O,Ø,N1fem-N2masc
35,39,female,fleissig,masc,neut,DAT,non-initial,O,Ø,N1masc-N2neut
35,39,female,verstopft,neut,masc,DAT,non-initial,O,Ø,N1neut-N2masc
35,39,female,verschlafen,neut,fem,GEN,initial,O,Ø,N1neut-N2fem
36,45,female,krank,masc,fem,GEN,non-initial,N2,N2,N1masc-N2fem
36,45,female,gesund,fem,neut,GEN,initial,O,Ø,N1fem-N2neut
36,45,female,traurig,neut,fem,DAT,non-initial,N1,N1,N1neut-N2fem
36,45,female,voll,fem,masc,DAT,initial,N1,N1,N1fem-N2masc
36,45,female,koestlich,masc,fem,DAT,initial,N2,N2,N1masc-N2fem
36,45,female,verletzt,neut,masc,GEN,initial,N2,N2,N1neut-N2masc
36,45,female,straff,fem,neut,DAT,non-initial,N1,N1,N1fem-N2neut
36,45,female,steinig,masc,neut,GEN,initial,N2,N2,N1masc-N2neut
36,45,female,blond,fem,masc,GEN,non-initial,N1,N1,N1fem-N2masc
36,45,female,fleissig,masc,neut,DAT,non-initial,N2,N2,N1masc-N2neut
36,45,female,verstopft,neut,masc,DAT,non-initial,N2,N2,N1neut-N2masc
36,45,female,verschlafen,neut,fem,GEN,initial,N2,N2,N1neut-N2fem
37,32,male,krank,masc,fem,GEN,non-initial,N1,N1,N1masc-N2fem
37,32,male,gesund,fem,neut,GEN,initial,O,Ø,N1fem-N2neut
37,32,male,traurig,neut,fem,DAT,non-initial,O,Ø,N1neut-N2fem
37,32,male,voll,fem,masc,DAT,initial,O,Ø,N1fem-N2masc
37,32,male,koestlich,masc,fem,DAT,initial,O,Ø,N1masc-N2fem
37,32,male,straff,fem,neut,DAT,non-initial,N2,N2,N1fem-N2neut
37,32,male,blond,fem,masc,GEN,non-initial,N2,N2,N1fem-N2masc
37,32,male,fleissig,masc,neut,DAT,non-initial,D,e,N1masc-N2neut
37,32,male,verstopft,neut,masc,DAT,non-initial,N2,N2,N1neut-N2masc
37,32,male,verschlafen,neut,fem,GEN,initial,N2,N2,N1neut-N2fem
39,28,female,krank,masc,fem,GEN,non-initial,N1,N1,N1masc-N2fem
39,28,female,gesund,fem,neut,GEN,initial,N1,N1,N1fem-N2neut
39,28,female,traurig,neut,fem,DAT,non-initial,N1,N1,N1neut-N2fem
39,28,female,voll,fem,masc,DAT,initial,N1,N1,N1fem-N2masc
39,28,female,koestlich,masc,fem,DAT,initial,O,Ø,N1masc-N2fem
39,28,female,verletzt,neut,masc,GEN,initial,N1,N1,N1neut-N2masc
39,28,female,straff,fem,neut,DAT,non-initial,N1,N1,N1fem-N2neut
39,28,female,steinig,masc,neut,GEN,initial,N1,N1,N1masc-N2neut
39,28,female,blond,fem,masc,GEN,non-initial,N1,N1,N1fem-N2masc
39,28,female,fleissig,masc,neut,DAT,non-initial,N1,N1,N1masc-N2neut
39,28,female,verstopft,neut,masc,DAT,non-initial,N1,N1,N1neut-N2masc
39,28,female,verschlafen,neut,fem,GEN,initial,N1,N1,N1neut-N2fem
40,24,female,krank,masc,fem,GEN,non-initial,O,Ø,N1masc-N2fem
40,24,female,gesund,fem,neut,GEN,initial,O,Ø,N1fem-N2neut
40,24,female,traurig,neut,fem,DAT,non-initial,O,Ø,N1neut-N2fem
40,24,female,voll,fem,masc,DAT,initial,O,Ø,N1fem-N2masc
40,24,female,koestlich,masc,fem,DAT,initial,O,Ø,N1masc-N2fem
40,24,female,verletzt,neut,masc,GEN,initial,O,Ø,N1neut-N2masc
40,24,female,straff,fem,neut,DAT,non-initial,O,Ø,N1fem-N2neut
40,24,female,steinig,masc,neut,GEN,initial,O,Ø,N1masc-N2neut
40,24,female,blond,fem,masc,GEN,non-initial,O,Ø,N1fem-N2masc
40,24,female,fleissig,masc,neut,DAT,non-initial,O,Ø,N1masc-N2neut
40,24,female,verstopft,neut,masc,DAT,non-initial,O,Ø,N1neut-N2masc
40,24,female,verschlafen,neut,fem,GEN,initial,O,Ø,N1neut-N2fem
41,62,female,krank,masc,fem,GEN,non-initial,O,Ø,N1masc-N2fem
41,62,female,gesund,fem,neut,GEN,initial,O,Ø,N1fem-N2neut
41,62,female,traurig,neut,fem,DAT,non-initial,O,Ø,N1neut-N2fem
41,62,female,voll,fem,masc,DAT,initial,O,Ø,N1fem-N2masc
41,62,female,koestlich,masc,fem,DAT,initial,O,Ø,N1masc-N2fem
41,62,female,verletzt,neut,masc,GEN,initial,O,Ø,N1neut-N2masc
41,62,female,straff,fem,neut,DAT,non-initial,N1,N1,N1fem-N2neut
41,62,female,steinig,masc,neut,GEN,initial,O,Ø,N1masc-N2neut
41,62,female,blond,fem,masc,GEN,non-initial,N1,N1,N1fem-N2masc
41,62,female,fleissig,masc,neut,DAT,non-initial,N1,N1,N1masc-N2neut
41,62,female,verstopft,neut,masc,DAT,non-initial,N1,N1,N1neut-N2masc
41,62,female,verschlafen,neut,fem,GEN,initial,N1,N1,N1neut-N2fem
42,59,male,krank,masc,fem,GEN,non-initial,O,Ø,N1masc-N2fem
42,59,male,gesund,fem,neut,GEN,initial,N1,N1,N1fem-N2neut
42,59,male,traurig,neut,fem,DAT,non-initial,N1,N1,N1neut-N2fem
42,59,male,voll,fem,masc,DAT,initial,O,Ø,N1fem-N2masc
42,59,male,koestlich,masc,fem,DAT,initial,N1,N1,N1masc-N2fem
42,59,male,verletzt,neut,masc,GEN,initial,N1,N1,N1neut-N2masc
42,59,male,straff,fem,neut,DAT,non-initial,N1,N1,N1fem-N2neut
42,59,male,steinig,masc,neut,GEN,initial,N2,N2,N1masc-N2neut
42,59,male,blond,fem,masc,GEN,non-initial,N1,N1,N1fem-N2masc
42,59,male,fleissig,masc,neut,DAT,non-initial,N2,N2,N1masc-N2neut
42,59,male,verstopft,neut,masc,DAT,non-initial,N2,N2,N1neut-N2masc
42,59,male,verschlafen,neut,fem,GEN,initial,N2,N2,N1neut-N2fem
43,50,male,krank,masc,fem,GEN,non-initial,N1,N1,N1masc-N2fem
43,50,male,gesund,fem,neut,GEN,initial,O,Ø,N1fem-N2neut
43,50,male,traurig,neut,fem,DAT,non-initial,O,Ø,N1neut-N2fem
43,50,male,voll,fem,masc,DAT,initial,O,Ø,N1fem-N2masc
43,50,male,koestlich,masc,fem,DAT,initial,O,Ø,N1masc-N2fem
43,50,male,verletzt,neut,masc,GEN,initial,N1,N1,N1neut-N2masc
43,50,male,straff,fem,neut,DAT,non-initial,N1,N1,N1fem-N2neut
43,50,male,steinig,masc,neut,GEN,initial,O,Ø,N1masc-N2neut
43,50,male,blond,fem,masc,GEN,non-initial,O,Ø,N1fem-N2masc
43,50,male,fleissig,masc,neut,DAT,non-initial,N1,N1,N1masc-N2neut
43,50,male,verstopft,neut,masc,DAT,non-initial,N1,N1,N1neut-N2masc
43,50,male,verschlafen,neut,fem,GEN,initial,N1,N1,N1neut-N2fem
